departamento,clase_preliminar,cantidad,total_observaciones,semanas_positivas,porcentaje,porcentaje_semanas_positivas,representacion_baja,clase_ausente
Artigas,Sin detección,212,418,206,50.717703349282296,49.282296650717704,False,False
Artigas,Bajo,69,418,206,16.507177033492823,49.282296650717704,False,False
Artigas,Moderado,73,418,206,17.464114832535884,49.282296650717704,False,False
Artigas,Alto,64,418,206,15.311004784688995,49.282296650717704,False,False
Canelones,Sin detección,264,418,154,63.1578947368421,36.84210526315789,False,False
Canelones,Bajo,48,418,154,11.483253588516746,36.84210526315789,False,False
Canelones,Moderado,43,418,154,10.287081339712918,36.84210526315789,False,False
Canelones,Alto,63,418,154,15.07177033492823,36.84210526315789,False,False
Cerro Largo,Sin detección,214,418,204,51.196172248803826,48.803827751196174,False,False
Cerro Largo,Bajo,99,418,204,23.684210526315788,48.803827751196174,False,False
Cerro Largo,Moderado,62,418,204,14.832535885167463,48.803827751196174,False,False
Cerro Largo,Alto,43,418,204,10.287081339712918,48.803827751196174,False,False
Colonia,Sin detección,261,418,157,62.44019138755981,37.55980861244019,False,False
Colonia,Bajo,54,418,157,12.918660287081341,37.55980861244019,False,False
Colonia,Moderado,64,418,157,15.311004784688995,37.55980861244019,False,False
Colonia,Alto,39,418,157,9.330143540669857,37.55980861244019,False,False
Durazno,Sin detección,281,418,137,67.22488038277513,32.77511961722488,False,False
Durazno,Bajo,73,418,137,17.464114832535884,32.77511961722488,False,False
Durazno,Moderado,40,418,137,9.569377990430622,32.77511961722488,False,False
Durazno,Alto,24,418,137,5.741626794258373,32.77511961722488,False,False
Flores,Sin detección,335,418,83,80.14354066985646,19.85645933014354,False,False
Flores,Bajo,56,418,83,13.397129186602871,19.85645933014354,False,False
Flores,Moderado,20,418,83,4.784688995215311,19.85645933014354,False,False
Flores,Alto,7,418,83,1.674641148325359,19.85645933014354,True,False
Florida,Sin detección,282,418,136,67.46411483253588,32.535885167464116,False,False
Florida,Bajo,60,418,136,14.354066985645932,32.535885167464116,False,False
Florida,Moderado,64,418,136,15.311004784688995,32.535885167464116,False,False
Florida,Alto,12,418,136,2.8708133971291865,32.535885167464116,False,False
Lavalleja,Sin detección,197,418,221,47.12918660287082,52.87081339712919,False,False
Lavalleja,Bajo,79,418,221,18.899521531100476,52.87081339712919,False,False
Lavalleja,Moderado,85,418,221,20.334928229665074,52.87081339712919,False,False
Lavalleja,Alto,57,418,221,13.636363636363635,52.87081339712919,False,False
Maldonado,Sin detección,267,418,151,63.8755980861244,36.124401913875595,False,False
Maldonado,Bajo,61,418,151,14.5933014354067,36.124401913875595,False,False
Maldonado,Moderado,60,418,151,14.354066985645932,36.124401913875595,False,False
Maldonado,Alto,30,418,151,7.177033492822966,36.124401913875595,False,False
Montevideo,Sin detección,368,418,50,88.03827751196172,11.961722488038278,False,False
Montevideo,Bajo,28,418,50,6.698564593301436,11.961722488038278,False,False
Montevideo,Moderado,16,418,50,3.827751196172249,11.961722488038278,False,False
Montevideo,Alto,6,418,50,1.4354066985645932,11.961722488038278,True,False
Paysandú,Sin detección,291,418,127,69.61722488038278,30.38277511961722,False,False
Paysandú,Bajo,61,418,127,14.5933014354067,30.38277511961722,False,False
Paysandú,Moderado,41,418,127,9.808612440191387,30.38277511961722,False,False
Paysandú,Alto,25,418,127,5.980861244019139,30.38277511961722,False,False
Rivera,Sin detección,275,418,143,65.78947368421053,34.21052631578947,False,False
Rivera,Bajo,58,418,143,13.875598086124402,34.21052631578947,False,False
Rivera,Moderado,50,418,143,11.961722488038278,34.21052631578947,False,False
Rivera,Alto,35,418,143,8.373205741626794,34.21052631578947,False,False
Rocha,Sin detección,216,418,202,51.674641148325364,48.32535885167464,False,False
Rocha,Bajo,74,418,202,17.703349282296653,48.32535885167464,False,False
Rocha,Moderado,75,418,202,17.942583732057415,48.32535885167464,False,False
Rocha,Alto,53,418,202,12.679425837320574,48.32535885167464,False,False
Río Negro,Sin detección,271,418,147,64.83253588516746,35.16746411483253,False,False
Río Negro,Bajo,61,418,147,14.5933014354067,35.16746411483253,False,False
Río Negro,Moderado,47,418,147,11.24401913875598,35.16746411483253,False,False
Río Negro,Alto,39,418,147,9.330143540669857,35.16746411483253,False,False
Salto,Sin detección,330,418,88,78.94736842105263,21.052631578947366,False,False
Salto,Bajo,48,418,88,11.483253588516746,21.052631578947366,False,False
Salto,Moderado,28,418,88,6.698564593301436,21.052631578947366,False,False
Salto,Alto,12,418,88,2.8708133971291865,21.052631578947366,False,False
San José,Sin detección,226,418,192,54.066985645933016,45.933014354066984,False,False
San José,Bajo,84,418,192,20.095693779904305,45.933014354066984,False,False
San José,Moderado,74,418,192,17.703349282296653,45.933014354066984,False,False
San José,Alto,34,418,192,8.133971291866029,45.933014354066984,False,False
Soriano,Sin detección,234,418,184,55.980861244019145,44.01913875598086,False,False
Soriano,Bajo,81,418,184,19.37799043062201,44.01913875598086,False,False
Soriano,Moderado,56,418,184,13.397129186602871,44.01913875598086,False,False
Soriano,Alto,47,418,184,11.24401913875598,44.01913875598086,False,False
Tacuarembó,Sin detección,230,418,188,55.02392344497608,44.97607655502392,False,False
Tacuarembó,Bajo,75,418,188,17.942583732057415,44.97607655502392,False,False
Tacuarembó,Moderado,59,418,188,14.114832535885165,44.97607655502392,False,False
Tacuarembó,Alto,54,418,188,12.918660287081341,44.97607655502392,False,False
Treinta y Tres,Sin detección,227,418,191,54.30622009569378,45.69377990430622,False,False
Treinta y Tres,Bajo,70,418,191,16.74641148325359,45.69377990430622,False,False
Treinta y Tres,Moderado,79,418,191,18.899521531100476,45.69377990430622,False,False
Treinta y Tres,Alto,42,418,191,10.047846889952153,45.69377990430622,False,False
