coordenada_id,departamento,latitud_reportada,longitud_reportada,pares_modelo_distintos,latitud_modelo,longitud_modelo,coincide_auditoria_previa
URY_AR_G_E450000_N6600000,Artigas,-30.7,-57.5,1,-30.7,-57.5,True
URY_AR_G_E450000_N6625000,Artigas,-30.5,-57.5,1,-30.5,-57.5,True
URY_AR_G_E475000_N6600000,Artigas,-30.7,-57.299995,1,-30.7,-57.299995,True
URY_AR_G_E475000_N6625000,Artigas,-30.5,-57.299995,1,-30.5,-57.299995,True
URY_AR_G_E500000_N6575000,Artigas,-31.0,-57.0,1,-31.0,-57.0,True
URY_AR_G_E500000_N6600000,Artigas,-30.7,-57.0,1,-30.7,-57.0,True
URY_AR_G_E500000_N6625000,Artigas,-30.5,-57.0,1,-30.5,-57.0,True
URY_AR_G_E500000_N6650000,Artigas,-30.3,-57.0,1,-30.3,-57.0,True
URY_AR_G_E525000_N6575000,Artigas,-31.0,-56.699997,1,-31.0,-56.699997,True
URY_AR_G_E525000_N6600000,Artigas,-30.7,-56.699997,1,-30.7,-56.699997,True
URY_AR_G_E525000_N6625000,Artigas,-30.5,-56.699997,1,-30.5,-56.699997,True
URY_AR_G_E525000_N6650000,Artigas,-30.3,-56.699997,1,-30.3,-56.699997,True
URY_AR_G_E550000_N6600000,Artigas,-30.7,-56.5,1,-30.7,-56.5,True
URY_AR_G_E550000_N6625000,Artigas,-30.5,-56.5,1,-30.5,-56.5,True
URY_CA_G_E575000_N6175000,Canelones,-34.6,-56.199997,1,-34.6,-56.199997,True
URY_CA_G_E600000_N6175000,Canelones,-34.6,-55.9,1,-34.6,-55.9,True
URY_CA_G_E625000_N6175000,Canelones,-34.6,-55.6,1,-34.6,-55.6,True
URY_CL_G_E675000_N6375000,Cerro Largo,-32.7,-55.1,1,-32.7,-55.1,True
URY_CL_G_E700000_N6375000,Cerro Largo,-32.7,-54.9,1,-32.7,-54.9,True
URY_CL_G_E700000_N6400000,Cerro Largo,-32.5,-54.9,1,-32.5,-54.9,True
URY_CL_G_E725000_N6400000,Cerro Largo,-32.5,-54.6,1,-32.5,-54.6,True
URY_CL_G_E725000_N6425000,Cerro Largo,-32.3,-54.6,1,-32.3,-54.6,True
URY_CL_G_E750000_N6400000,Cerro Largo,-32.5,-54.299995,1,-32.5,-54.299995,True
URY_CL_G_E750000_N6425000,Cerro Largo,-32.3,-54.299995,1,-32.3,-54.299995,True
URY_CL_G_E750000_N6450000,Cerro Largo,-32.1,-54.4,1,-32.1,-54.4,True
URY_CL_G_E750000_N6475000,Cerro Largo,-31.8,-54.4,1,-31.8,-54.4,True
URY_CL_G_E775000_N6400000,Cerro Largo,-32.5,-54.1,1,-32.5,-54.1,True
URY_CL_G_E775000_N6425000,Cerro Largo,-32.3,-54.1,1,-32.3,-54.1,True
URY_CL_G_E775000_N6450000,Cerro Largo,-32.1,-54.1,1,-32.1,-54.1,True
URY_CL_G_E800000_N6400000,Cerro Largo,-32.5,-53.799995,1,-32.5,-53.799995,True
URY_CL_G_E800000_N6425000,Cerro Largo,-32.3,-53.799995,1,-32.3,-53.799995,True
URY_CO_G_E400000_N6250000,Colonia,-33.899998,-58.1,1,-33.899998,-58.1,True
URY_CO_G_E425000_N6200000,Colonia,-34.3,-57.799995,1,-34.3,-57.799995,True
URY_CO_G_E425000_N6225000,Colonia,-34.1,-57.799995,1,-34.1,-57.799995,True
URY_CO_G_E450000_N6200000,Colonia,-34.3,-57.5,1,-34.3,-57.5,True
URY_CO_G_E450000_N6225000,Colonia,-34.1,-57.5,1,-34.1,-57.5,True
URY_CO_G_E475000_N6200000,Colonia,-34.3,-57.299995,1,-34.3,-57.299995,True
URY_CO_G_E475000_N6225000,Colonia,-34.1,-57.299995,1,-34.1,-57.299995,True
URY_DU_G_E525000_N6350000,Durazno,-33.0,-56.699997,1,-33.0,-56.699997,True
URY_DU_G_E550000_N6325000,Durazno,-33.2,-56.5,1,-33.2,-56.5,True
URY_DU_G_E550000_N6350000,Durazno,-33.0,-56.5,1,-33.0,-56.5,True
URY_DU_G_E575000_N6325000,Durazno,-33.2,-56.199997,1,-33.2,-56.199997,True
URY_DU_G_E575000_N6350000,Durazno,-33.0,-56.199997,1,-33.0,-56.199997,True
URY_DU_G_E600000_N6325000,Durazno,-33.2,-55.9,1,-33.2,-55.9,True
URY_DU_G_E600000_N6350000,Durazno,-33.0,-55.9,1,-33.0,-55.9,True
URY_DU_G_E600000_N6375000,Durazno,-32.8,-55.9,1,-32.8,-55.9,True
URY_DU_G_E625000_N6325000,Durazno,-33.2,-55.699997,1,-33.2,-55.699997,True
URY_DU_G_E625000_N6350000,Durazno,-33.0,-55.699997,1,-33.0,-55.699997,True
URY_DU_G_E625000_N6375000,Durazno,-32.8,-55.699997,1,-32.8,-55.699997,True
URY_DU_G_E650000_N6350000,Durazno,-33.0,-55.4,1,-33.0,-55.4,True
URY_FD_G_E575000_N6225000,Florida,-34.1,-56.199997,1,-34.1,-56.199997,True
URY_FD_G_E575000_N6250000,Florida,-33.899998,-56.199997,1,-33.899998,-56.199997,True
URY_FD_G_E575000_N6275000,Florida,-33.7,-56.199997,1,-33.7,-56.199997,True
URY_FD_G_E600000_N6225000,Florida,-34.1,-55.9,1,-34.1,-55.9,True
URY_FD_G_E600000_N6250000,Florida,-33.899998,-55.9,1,-33.899998,-55.9,True
URY_FD_G_E600000_N6275000,Florida,-33.7,-55.9,1,-33.7,-55.9,True
URY_FD_G_E625000_N6225000,Florida,-34.1,-55.6,1,-34.1,-55.6,True
URY_FD_G_E625000_N6250000,Florida,-33.899998,-55.6,1,-33.899998,-55.6,True
URY_FD_G_E625000_N6275000,Florida,-33.7,-55.699997,1,-33.7,-55.699997,True
URY_FD_G_E650000_N6300000,Florida,-33.399998,-55.4,1,-33.399998,-55.4,True
URY_FS_G_E500000_N6250000,Flores,-33.899998,-57.0,1,-33.899998,-57.0,True
URY_FS_G_E500000_N6275000,Flores,-33.7,-57.0,1,-33.7,-57.0,True
URY_FS_G_E500000_N6300000,Flores,-33.399998,-57.0,1,-33.399998,-57.0,True
URY_FS_G_E525000_N6275000,Flores,-33.7,-56.699997,1,-33.7,-56.699997,True
URY_FS_G_E525000_N6300000,Flores,-33.399998,-56.699997,1,-33.399998,-56.699997,True
URY_LA_G_E650000_N6200000,Lavalleja,-34.3,-55.4,1,-34.3,-55.4,True
URY_LA_G_E650000_N6225000,Lavalleja,-34.1,-55.4,1,-34.1,-55.4,True
URY_LA_G_E675000_N6200000,Lavalleja,-34.3,-55.1,1,-34.3,-55.1,True
URY_LA_G_E675000_N6225000,Lavalleja,-34.1,-55.1,1,-34.1,-55.1,True
URY_LA_G_E675000_N6250000,Lavalleja,-33.899998,-55.1,1,-33.899998,-55.1,True
URY_LA_G_E675000_N6275000,Lavalleja,-33.7,-55.1,1,-33.7,-55.1,True
URY_LA_G_E700000_N6225000,Lavalleja,-34.1,-54.799995,1,-34.1,-54.799995,True
URY_LA_G_E700000_N6250000,Lavalleja,-33.899998,-54.799995,1,-33.899998,-54.799995,True
URY_LA_G_E700000_N6275000,Lavalleja,-33.6,-54.799995,1,-33.6,-54.799995,True
URY_LA_G_E700000_N6300000,Lavalleja,-33.399998,-54.799995,1,-33.399998,-54.799995,True
URY_LA_G_E725000_N6250000,Lavalleja,-33.899998,-54.6,1,-33.899998,-54.6,True
URY_LA_G_E725000_N6275000,Lavalleja,-33.6,-54.6,1,-33.6,-54.6,True
URY_MA_G_E675000_N6150000,Maldonado,-34.8,-55.1,1,-34.8,-55.1,True
URY_MA_G_E700000_N6150000,Maldonado,-34.8,-54.799995,1,-34.8,-54.799995,True
URY_MA_G_E700000_N6175000,Maldonado,-34.5,-54.799995,1,-34.5,-54.799995,True
URY_MO_F_RP_E569972_N6146656,Montevideo,-34.8,-56.199997,1,-34.8,-56.199997,True
URY_PA_G_E400000_N6450000,Paysandú,-32.1,-58.1,1,-32.1,-58.1,True
URY_PA_G_E425000_N6425000,Paysandú,-32.3,-57.799995,1,-32.3,-57.799995,True
URY_PA_G_E425000_N6450000,Paysandú,-32.1,-57.799995,1,-32.1,-57.799995,True
URY_PA_G_E425000_N6475000,Paysandú,-31.899998,-57.799995,1,-31.899998,-57.799995,True
URY_PA_G_E425000_N6500000,Paysandú,-31.599998,-57.799995,1,-31.599998,-57.799995,True
URY_PA_G_E450000_N6425000,Paysandú,-32.3,-57.5,1,-32.3,-57.5,True
URY_PA_G_E450000_N6450000,Paysandú,-32.1,-57.5,1,-32.1,-57.5,True
URY_PA_G_E450000_N6475000,Paysandú,-31.899998,-57.5,1,-31.899998,-57.5,True
URY_PA_G_E475000_N6425000,Paysandú,-32.3,-57.299995,1,-32.3,-57.299995,True
URY_PA_G_E475000_N6450000,Paysandú,-32.1,-57.299995,1,-32.1,-57.299995,True
URY_PA_G_E475000_N6475000,Paysandú,-31.899998,-57.299995,1,-31.899998,-57.299995,True
URY_PA_G_E500000_N6450000,Paysandú,-32.1,-57.0,1,-32.1,-57.0,True
URY_PA_G_E500000_N6475000,Paysandú,-31.899998,-57.0,1,-31.899998,-57.0,True
URY_PA_G_E525000_N6425000,Paysandú,-32.3,-56.699997,1,-32.3,-56.699997,True
URY_PA_G_E525000_N6450000,Paysandú,-32.1,-56.699997,1,-32.1,-56.699997,True
URY_PA_G_E550000_N6450000,Paysandú,-32.1,-56.5,1,-32.1,-56.5,True
URY_RN_G_E425000_N6375000,Río Negro,-32.8,-57.799995,1,-32.8,-57.799995,True
URY_RN_G_E450000_N6375000,Río Negro,-32.8,-57.5,1,-32.8,-57.5,True
URY_RN_G_E475000_N6350000,Río Negro,-33.0,-57.299995,1,-33.0,-57.299995,True
URY_RN_G_E475000_N6375000,Río Negro,-32.8,-57.299995,1,-32.8,-57.299995,True
URY_RN_G_E475000_N6400000,Río Negro,-32.5,-57.299995,1,-32.5,-57.299995,True
URY_RN_G_E500000_N6375000,Río Negro,-32.8,-57.0,1,-32.8,-57.0,True
URY_RN_G_E500000_N6400000,Río Negro,-32.5,-57.0,1,-32.5,-57.0,True
URY_RN_G_E525000_N6400000,Río Negro,-32.5,-56.699997,1,-32.5,-56.699997,True
URY_RO_G_E750000_N6175000,Rocha,-34.5,-54.299995,1,-34.5,-54.299995,True
URY_RO_G_E750000_N6200000,Rocha,-34.3,-54.299995,1,-34.3,-54.299995,True
URY_RO_G_E750000_N6225000,Rocha,-34.1,-54.299995,1,-34.1,-54.299995,True
URY_RO_G_E750000_N6250000,Rocha,-33.899998,-54.299995,1,-33.899998,-54.299995,True
URY_RO_G_E775000_N6200000,Rocha,-34.3,-54.0,1,-34.3,-54.0,True
URY_RO_G_E775000_N6225000,Rocha,-34.1,-54.0,1,-34.1,-54.0,True
URY_RO_G_E775000_N6250000,Rocha,-33.899998,-54.0,1,-33.899998,-54.0,True
URY_RO_G_E775000_N6275000,Rocha,-33.6,-54.0,1,-33.6,-54.0,True
URY_RO_G_E800000_N6225000,Rocha,-34.1,-53.699997,1,-34.1,-53.699997,True
URY_RO_G_E800000_N6250000,Rocha,-33.8,-53.799995,1,-33.8,-53.799995,True
URY_RO_G_E800000_N6275000,Rocha,-33.6,-53.799995,1,-33.6,-53.799995,True
URY_RO_G_E800000_N6300000,Rocha,-33.399998,-53.799995,1,-33.399998,-53.799995,True
URY_RV_G_E600000_N6550000,Rivera,-31.2,-56.0,1,-31.2,-56.0,True
URY_RV_G_E625000_N6525000,Rivera,-31.399998,-55.699997,1,-31.399998,-55.699997,True
URY_RV_G_E625000_N6550000,Rivera,-31.2,-55.699997,1,-31.2,-55.699997,True
URY_RV_G_E650000_N6500000,Rivera,-31.599998,-55.4,1,-31.599998,-55.4,True
URY_RV_G_E650000_N6525000,Rivera,-31.399998,-55.4,1,-31.399998,-55.4,True
URY_RV_G_E650000_N6550000,Rivera,-31.2,-55.4,1,-31.2,-55.4,True
URY_RV_G_E675000_N6500000,Rivera,-31.599998,-55.199997,1,-31.599998,-55.199997,True
URY_RV_G_E675000_N6525000,Rivera,-31.399998,-55.199997,1,-31.399998,-55.199997,True
URY_RV_G_E700000_N6500000,Rivera,-31.599998,-54.9,1,-31.599998,-54.9,True
URY_RV_G_E725000_N6475000,Rivera,-31.8,-54.6,1,-31.8,-54.6,True
URY_RV_G_E725000_N6500000,Rivera,-31.599998,-54.6,1,-31.599998,-54.6,True
URY_SA_G_E425000_N6525000,Salto,-31.399998,-57.799995,1,-31.399998,-57.799995,True
URY_SA_G_E425000_N6550000,Salto,-31.2,-57.799995,1,-31.2,-57.799995,True
URY_SA_G_E450000_N6525000,Salto,-31.399998,-57.5,1,-31.399998,-57.5,True
URY_SA_G_E450000_N6550000,Salto,-31.2,-57.5,1,-31.2,-57.5,True
URY_SA_G_E450000_N6575000,Salto,-31.0,-57.5,1,-31.0,-57.5,True
URY_SA_G_E475000_N6500000,Salto,-31.599998,-57.299995,1,-31.599998,-57.299995,True
URY_SA_G_E475000_N6525000,Salto,-31.399998,-57.299995,1,-31.399998,-57.299995,True
URY_SA_G_E475000_N6550000,Salto,-31.2,-57.299995,1,-31.2,-57.299995,True
URY_SA_G_E500000_N6500000,Salto,-31.599998,-57.0,1,-31.599998,-57.0,True
URY_SA_G_E500000_N6525000,Salto,-31.399998,-57.0,1,-31.399998,-57.0,True
URY_SA_G_E500000_N6550000,Salto,-31.2,-57.0,1,-31.2,-57.0,True
URY_SA_G_E525000_N6500000,Salto,-31.599998,-56.699997,1,-31.599998,-56.699997,True
URY_SA_G_E525000_N6525000,Salto,-31.399998,-56.699997,1,-31.399998,-56.699997,True
URY_SA_G_E525000_N6550000,Salto,-31.2,-56.699997,1,-31.2,-56.699997,True
URY_SA_G_E550000_N6500000,Salto,-31.599998,-56.5,1,-31.599998,-56.5,True
URY_SA_G_E550000_N6525000,Salto,-31.399998,-56.5,1,-31.399998,-56.5,True
URY_SA_G_E550000_N6550000,Salto,-31.2,-56.5,1,-31.2,-56.5,True
URY_SJ_G_E500000_N6200000,San José,-34.3,-57.0,1,-34.3,-57.0,True
URY_SJ_G_E525000_N6175000,San José,-34.6,-56.699997,1,-34.6,-56.699997,True
URY_SJ_G_E525000_N6200000,San José,-34.3,-56.699997,1,-34.3,-56.699997,True
URY_SJ_G_E525000_N6225000,San José,-34.1,-56.699997,1,-34.1,-56.699997,True
URY_SO_G_E375000_N6275000,Soriano,-33.7,-58.299995,1,-33.7,-58.299995,True
URY_SO_G_E400000_N6275000,Soriano,-33.7,-58.1,1,-33.7,-58.1,True
URY_SO_G_E400000_N6300000,Soriano,-33.399998,-58.1,1,-33.399998,-58.1,True
URY_SO_G_E425000_N6275000,Soriano,-33.7,-57.799995,1,-33.7,-57.799995,True
URY_SO_G_E425000_N6300000,Soriano,-33.399998,-57.799995,1,-33.399998,-57.799995,True
URY_SO_G_E425000_N6325000,Soriano,-33.2,-57.799995,1,-33.2,-57.799995,True
URY_SO_G_E450000_N6275000,Soriano,-33.7,-57.5,1,-33.7,-57.5,True
URY_SO_G_E450000_N6300000,Soriano,-33.399998,-57.5,1,-33.399998,-57.5,True
URY_SO_G_E450000_N6325000,Soriano,-33.2,-57.5,1,-33.2,-57.5,True
URY_SO_G_E475000_N6275000,Soriano,-33.7,-57.299995,1,-33.7,-57.299995,True
URY_TA_G_E550000_N6400000,Tacuarembó,-32.5,-56.5,1,-32.5,-56.5,True
URY_TA_G_E575000_N6400000,Tacuarembó,-32.5,-56.199997,1,-32.5,-56.199997,True
URY_TA_G_E575000_N6425000,Tacuarembó,-32.3,-56.199997,1,-32.3,-56.199997,True
URY_TA_G_E575000_N6450000,Tacuarembó,-32.1,-56.199997,1,-32.1,-56.199997,True
URY_TA_G_E575000_N6500000,Tacuarembó,-31.599998,-56.199997,1,-31.599998,-56.199997,True
URY_TA_G_E600000_N6400000,Tacuarembó,-32.5,-55.9,1,-32.5,-55.9,True
URY_TA_G_E600000_N6425000,Tacuarembó,-32.3,-55.9,1,-32.3,-55.9,True
URY_TA_G_E600000_N6450000,Tacuarembó,-32.1,-55.9,1,-32.1,-55.9,True
URY_TA_G_E600000_N6475000,Tacuarembó,-31.899998,-55.9,1,-31.899998,-55.9,True
URY_TA_G_E600000_N6500000,Tacuarembó,-31.599998,-55.9,1,-31.599998,-55.9,True
URY_TA_G_E625000_N6425000,Tacuarembó,-32.3,-55.699997,1,-32.3,-55.699997,True
URY_TA_G_E625000_N6450000,Tacuarembó,-32.1,-55.699997,1,-32.1,-55.699997,True
URY_TA_G_E625000_N6475000,Tacuarembó,-31.899998,-55.699997,1,-31.899998,-55.699997,True
URY_TA_G_E650000_N6425000,Tacuarembó,-32.3,-55.4,1,-32.3,-55.4,True
URY_TA_G_E650000_N6450000,Tacuarembó,-32.1,-55.4,1,-32.1,-55.4,True
URY_TA_G_E650000_N6475000,Tacuarembó,-31.899998,-55.4,1,-31.899998,-55.4,True
URY_TA_G_E675000_N6425000,Tacuarembó,-32.3,-55.1,1,-32.3,-55.1,True
URY_TA_G_E675000_N6450000,Tacuarembó,-32.1,-55.1,1,-32.1,-55.1,True
URY_TA_G_E700000_N6450000,Tacuarembó,-32.1,-54.9,1,-32.1,-54.9,True
URY_TT_G_E700000_N6325000,Treinta y Tres,-33.2,-54.9,1,-33.2,-54.9,True
URY_TT_G_E700000_N6350000,Treinta y Tres,-33.0,-54.9,1,-33.0,-54.9,True
URY_TT_G_E725000_N6325000,Treinta y Tres,-33.2,-54.6,1,-33.2,-54.6,True
URY_TT_G_E725000_N6350000,Treinta y Tres,-33.0,-54.6,1,-33.0,-54.6,True
URY_TT_G_E750000_N6325000,Treinta y Tres,-33.2,-54.299995,1,-33.2,-54.299995,True
URY_TT_G_E750000_N6350000,Treinta y Tres,-33.0,-54.299995,1,-33.0,-54.299995,True
URY_TT_G_E775000_N6325000,Treinta y Tres,-33.2,-54.1,1,-33.2,-54.1,True
URY_TT_G_E775000_N6350000,Treinta y Tres,-33.0,-54.1,1,-33.0,-54.1,True
URY_TT_G_E800000_N6350000,Treinta y Tres,-32.899998,-53.799995,1,-32.899998,-53.799995,True
